,overall,pos,neg
count,50000.0,25000.0,25000.0
mean,5.419838206559579,5.4751101174764125,5.364566295642746
std,0.12376523331721562,0.1207235450064613,0.09975916846950615
min,4.5805,4.747096774193548,4.5805
25%,5.3394475316619285,5.395877982523335,5.303966756513926
50%,5.412703300624443,5.469392915642915,5.36570573313039
75%,5.4937695460277425,5.548335201793722,5.426625948309117
max,6.398461538461539,6.398461538461539,6.006666666666667
