,sample_overall,sample_pos,sample_neg
count,200.0,100.0,100.0
mean,5.424701096210197,5.4811067668938485,5.368295425526544
std,0.12605635813211735,0.11249671812316016,0.11339282286120206
min,5.023111111111111,5.213189655172414,5.023111111111111
25%,5.3476963432012505,5.393484826941826,5.295630271084337
50%,5.414721646636276,5.467725773001508,5.366363728585739
75%,5.504263760546404,5.5558845531455825,5.446901996961146
max,5.7320754716981135,5.7320754716981135,5.628292682926829
