,sample_overall,sample_pos,sample_neg
count,200.0,100.0,100.0
mean,5.432515841344939,5.49107196615466,5.373959716535218
std,0.1248466705413239,0.1144830181871285,0.10628995046849823
min,4.913043478260869,5.268992248062016,4.913043478260869
25%,5.350132087912088,5.412174293573394,5.311382068695312
50%,5.425048239162413,5.470993994362054,5.372319194951039
75%,5.503748390634685,5.561999755893431,5.43676412472707
max,5.893228346456693,5.893228346456693,5.610342857142856
